{
    "name": "Global Information",
    "numberOfRequests": {
        "total": 3900,
        "ok": 3634,
        "ko": 266
    },
    "minResponseTime": {
        "total": 705,
        "ok": 705,
        "ko": 10114
    },
    "maxResponseTime": {
        "total": 60011,
        "ok": 59881,
        "ko": 60011
    },
    "meanResponseTime": {
        "total": 14120,
        "ok": 12322,
        "ko": 38685
    },
    "standardDeviation": {
        "total": 18274,
        "ok": 16385,
        "ko": 24099
    },
    "percentiles1": {
        "total": 2441,
        "ok": 2091,
        "ko": 60000
    },
    "percentiles2": {
        "total": 26108,
        "ok": 24100,
        "ko": 60001
    },
    "percentiles3": {
        "total": 57022,
        "ok": 46999,
        "ko": 60002
    },
    "percentiles4": {
        "total": 60001,
        "ok": 57447,
        "ko": 60006
    },
    "group1": {
        "name": "t < 800 ms",
        "count": 215,
        "percentage": 6
    },
    "group2": {
        "name": "800 ms < t < 1200 ms",
        "count": 1088,
        "percentage": 28
    },
    "group3": {
        "name": "t > 1200 ms",
        "count": 2331,
        "percentage": 60
    },
    "group4": {
        "name": "failed",
        "count": 266,
        "percentage": 7
    },
    "meanNumberOfRequestsPerSecond": {
        "total": 22.15909090909091,
        "ok": 20.647727272727273,
        "ko": 1.5113636363636365
    }
}